epoch,train_loss,train_alt_loss,train_time,val_loss,val_alt_loss,val_time,time
1,34216.82977294922,-3.45965274857978,0.5020432360470295,9288.298046875,-0.15981392413377762,0.014214818365871906,0.5162580544129014
2,3294.0173886617026,0.5907053233337743,0.43957005720585585,1598.1127197265625,0.8057136774063111,0.014315627049654722,0.45388568425551057
3,1536.030164082845,0.794713788976272,0.43653320288285613,1547.8420654296874,0.8103479146957397,0.01420531515032053,0.45073851803317666
4,1535.250633239746,0.8024483087162176,0.41198365902528167,1544.4957763671875,0.8046124815940857,0.014008061029016972,0.42599172005429864
5,1521.052983601888,0.8058243431150913,0.41881099017336965,1540.5368896484374,0.8049728274345398,0.01427698414772749,0.43308797432109714
6,1528.7211990356445,0.7907335727165142,0.4390610735863447,1535.0682373046875,0.8067281603813171,0.013956567272543907,0.4530176408588886
7,1512.0839309692383,0.8048722396294276,0.4090567766688764,1513.7810302734374,0.8094397068023682,0.014192229136824608,0.423249005805701
8,1447.982327779134,0.8141784879068533,0.43960479786619544,1396.9693359375,0.8292640805244446,0.014641871675848961,0.4542466695420444
9,1289.1846415201824,0.832267931352059,0.43003929127007723,1207.9379150390625,0.8487658619880676,0.014676190912723541,0.44471548218280077
10,1161.2059326171875,0.8517298127214114,0.410306868609041,1134.3673095703125,0.8618187427520752,0.014235319569706917,0.4245421881787479
11,1109.193027496338,0.8576050934692224,0.4160554278641939,1091.220166015625,0.8656287789344788,0.014065188821405172,0.4301206166855991
12,1062.7468350728352,0.8599648835758368,0.4170945789664984,1037.3950927734375,0.8724931478500366,0.01408360106870532,0.4311781800352037
13,996.9581743876139,0.873264325161775,0.4234475991688669,972.6397583007813,0.8782181978225708,0.016968368086963892,0.44041596725583076
14,942.7079772949219,0.8771164926389853,0.4136872054077685,910.9846313476562,0.8889413237571716,0.014282477088272572,0.42796968249604106
15,885.7074712117513,0.8864740406473478,0.41566386399790645,858.5541625976563,0.8931309580802917,0.013813948258757591,0.42947781225666404
16,835.8825874328613,0.8911917942265669,0.4527536300010979,807.0926147460938,0.8988596558570862,0.014353787992149591,0.4671074179932475
17,783.0132141113281,0.8970559015870094,0.442455958109349,756.5917602539063,0.9064964890480042,0.01458099065348506,0.45703694876283407
18,742.4271545410156,0.8944823158284029,0.44300472969189286,716.171044921875,0.9088876605033874,0.014503750018775463,0.4575084797106683
19,698.9814160664877,0.908494750658671,0.46985152596607804,685.5266235351562,0.9160110831260682,0.014886175282299519,0.48473770124837756
20,676.8972460428873,0.9052328591545423,0.44297117786481977,662.5655883789062,0.9180739641189575,0.014623027760535479,0.45759420562535524
21,642.6332677205404,0.9168682383994261,0.43520183488726616,631.4524291992187,0.9198772311210632,0.014185868669301271,0.44938770355656743
22,616.7376543680826,0.9198904447257519,0.42817390989512205,608.75634765625,0.9245414018630982,0.014239385724067688,0.44241329561918974
23,589.2865912119547,0.9242148784299692,0.42793758027255535,585.5857055664062,0.9273236632347107,0.014149548020213842,0.4420871282927692
24,567.7325553894043,0.926153284808,0.4475258900783956,556.6963256835937,0.9301087379455566,0.014335301704704762,0.46186119178310037
25,539.9681669871012,0.9292637382944425,0.447747765108943,533.027734375,0.9349400281906128,0.014772975351661444,0.46252074046060443
26,520.7409477233887,0.9333057602246603,0.4243631111457944,521.5590270996094,0.9362825751304626,0.014313092920929193,0.4386762040667236
27,501.0780995686849,0.9354598162074884,0.4351305812597275,500.0535949707031,0.9383759140968323,0.014303341042250395,0.4494339223019779
28,481.7735532124837,0.9368614678581556,0.44802505383268,478.18818359375,0.9406763434410095,0.014579064212739468,0.46260411804541945
29,460.9620361328125,0.9409650675952435,0.44455749820917845,474.90419311523436,0.942595374584198,0.014082522597163916,0.45864002080634236
30,447.04968961079913,0.9410545987387499,0.437985350843519,445.1250061035156,0.9451248526573182,0.014186127111315727,0.4521714779548347
31,426.110138575236,0.9449042715132236,0.4431028263643384,430.6918212890625,0.9452592968940735,0.014115569181740284,0.4572183955460787
32,409.56536706288654,0.9474981129169464,0.43418104387819767,413.92731323242185,0.9483595728874207,0.014645209070295095,0.44882625294849277
33,395.6731815338135,0.9478559779624144,0.45728253992274404,403.3165222167969,0.9506216168403625,0.013990037143230438,0.4712725770659745
34,382.9762719472249,0.9484389560918013,0.4717315868474543,389.0769470214844,0.9527601003646851,0.014352625701576471,0.4860842125490308
35,370.0362040201823,0.9520289873083433,0.4544346812181175,375.7773376464844,0.952585780620575,0.01434337580576539,0.46877805702388287
36,355.42299969991046,0.9538601214687029,0.4579373076558113,366.34258422851565,0.952716612815857,0.018203929997980595,0.4761412376537919
37,345.20530732472736,0.956117949138085,0.4518547891639173,357.2693664550781,0.9548402786254883,0.014649577904492617,0.4665043670684099
38,335.928152402242,0.9565010530253252,0.4402069980278611,348.5675842285156,0.9565396308898926,0.014451437164098024,0.45465843519195914
39,330.66441281636554,0.9569502087930838,0.45419311383739114,342.3790771484375,0.9573099970817566,0.014782808721065521,0.46897592255845666
40,323.8758907318115,0.9585970640182495,0.4411750230938196,334.45172119140625,0.9584200263023377,0.01431218907237053,0.45548721216619015
41,316.29193083445233,0.9590565636754036,0.4568979679606855,330.9675537109375,0.9589892387390136,0.014656857121735811,0.4715548250824213
42,313.62269115448,0.9591600882510344,0.4488850017078221,324.5171813964844,0.9591442584991455,0.01441257819533348,0.46329757990315557
43,306.88788890838623,0.9577483472724756,0.45119352685287595,319.630322265625,0.9598740100860595,0.01488957880064845,0.4660831056535244
44,298.6650660832723,0.9618221831818422,0.45136303128674626,313.19580078125,0.9616944074630738,0.014780885074287653,0.4661439163610339
45,295.48006502787274,0.9616953494648138,0.4475292833521962,309.61817626953126,0.9616084814071655,0.014581813011318445,0.46211109636351466
46,292.1668761571248,0.9623263763884703,0.4460788033902645,304.84365234375,0.9623539686203003,0.014516897033900023,0.46059570042416453
47,288.79482555389404,0.9624530511597792,0.4447982469573617,301.7867736816406,0.9630320549011231,0.014620864298194647,0.45941911125555634
48,283.02647654215497,0.9636960588395596,0.45350287202745676,296.28081665039065,0.9625568747520447,0.015982802025973797,0.46948567405343056
49,279.6274871826172,0.9641438586016496,0.44979826686903834,296.19969482421874,0.9632078647613526,0.014237354975193739,0.4640356218442321
50,276.9422257741292,0.9639216251671314,0.43119892105460167,292.4908142089844,0.9639720559120178,0.014383942820131779,0.44558286387473345
51,274.7627429962158,0.9649244373043379,0.45117485197260976,287.31138916015624,0.9642527937889099,0.014737906865775585,0.46591275883838534
52,272.25998655955,0.9649451722701391,0.4478298909962177,287.83069763183596,0.9646398901939393,0.014338263776153326,0.46216815477237105
53,268.4026206334432,0.9645843605200449,0.4379802821204066,280.87147521972656,0.9654862999916076,0.014651790726929903,0.45263207284733653
54,263.8621238072713,0.9662606182197729,0.4397109509445727,279.648876953125,0.9654295325279236,0.014130884781479836,0.4538418357260525
55,261.7286008199056,0.9660617883006731,0.44910533307120204,278.07752380371096,0.9639871001243592,0.015504606068134308,0.46460993913933635
56,260.7168718973796,0.966125080982844,0.4669063542969525,273.5022369384766,0.9647980690002441,0.01449532201513648,0.48140167631208897
57,255.90973917643228,0.9671647871534029,0.4475000221282244,274.8504608154297,0.9644284725189209,0.014198027085512877,0.46169804921373725
58,255.23112360636392,0.965233733256658,0.4389530629850924,269.5372650146484,0.9668026804924011,0.01436375267803669,0.4533168156631291
59,251.76960595448813,0.9674912765622139,0.4457738231867552,265.6947357177734,0.9678725719451904,0.014669327065348625,0.4604431502521038
60,248.19924227396646,0.9660456019143263,0.44837845582515,263.99189453125,0.9672232508659363,0.014346059877425432,0.46272451570257545
61,247.3980951309204,0.9678574353456497,0.4502053987234831,264.12750244140625,0.9671862244606018,0.014951499179005623,0.4651568979024887
62,243.19635423024496,0.9683377258479595,0.4358099028468132,260.04327697753905,0.9675891637802124,0.01466752216219902,0.4504774250090122
63,243.45524660746256,0.9659832790493965,0.44281945191323757,257.9844146728516,0.9679965972900391,0.014483635779470205,0.4573030876927078
64,241.7083969116211,0.9675992950797081,0.4405825170688331,257.9276641845703,0.9666791439056397,0.014131249859929085,0.4547137669287622
65,239.66638533274332,0.96894820779562,0.4340530470944941,254.4943878173828,0.9689775466918945,0.014332248829305172,0.4483852959237993
66,235.72655518849692,0.9697518808146318,0.4441631962545216,253.50408935546875,0.9673881649971008,0.014330122154206038,0.45849331840872765
67,232.8484961191813,0.967733188221852,0.4333793721161783,249.03497314453125,0.9698201060295105,0.014314717147499323,0.4476940892636776
68,233.32931105295816,0.9696885670224825,0.4475326780229807,249.2289245605469,0.968971598148346,0.014859368093311787,0.4623920461162925
69,231.6445255279541,0.9693843970696131,0.44217689987272024,248.1503936767578,0.9693579316139221,0.01460658386349678,0.456783483736217
70,228.87829049428305,0.9704553410410881,0.43392935395240784,248.90735778808593,0.9685754179954529,0.014514894224703312,0.44844424817711115
71,228.13506921132407,0.9704627270499865,0.4381482731550932,244.87572631835937,0.9690491795539856,0.014255044050514698,0.4524033172056079
72,224.2551415761312,0.9713850369056066,0.4852814986370504,242.5794708251953,0.9703035950660706,0.015908928122371435,0.5011904267594218
73,225.60495154062906,0.9670312826832136,0.4599387519992888,242.60147705078126,0.9696067571640015,0.014685484115034342,0.47462423611432314
74,225.09920088450113,0.9709465416769186,0.4397540660575032,242.8210235595703,0.9680867671966553,0.013905005063861609,0.45365907112136483
75,222.29686069488525,0.9712887232502302,0.4331953236833215,241.64523315429688,0.9701470375061035,0.014345292001962662,0.44754061568528414
76,224.40407689412436,0.9681628160178661,0.4337119469419122,239.57401123046876,0.9705397009849548,0.01445941673591733,0.4481713636778295
77,218.56760549545288,0.9704704644779364,0.4507426139898598,236.38717956542968,0.9703258037567138,0.014577711001038551,0.46532032499089837
78,222.36091073354086,0.9648811755081018,0.4545631497167051,241.07980346679688,0.9693400025367737,0.014260537922382355,0.46882368763908744
79,217.9205233256022,0.9718706160783768,0.4363864376209676,236.20621337890626,0.9712196469306946,0.014442803803831339,0.45082924142479897
80,216.59248733520508,0.9718965316812197,0.43884953623637557,234.33280334472656,0.9711600303649902,0.014327882789075375,0.45317741902545094
81,215.00089359283447,0.971413616091013,0.4470768300816417,231.86627502441405,0.9690675735473633,0.01449659513309598,0.46157342521473765
82,216.36823654174805,0.9718058072030544,0.4503525849431753,231.42608337402345,0.9708025574684143,0.01504561398178339,0.4653981989249587
83,215.70515823364258,0.9688640311360359,0.4377486859448254,233.02566528320312,0.9710841059684754,0.014465739950537682,0.4522144258953631
84,214.66415214538574,0.9724032506346703,0.44973723497241735,231.85870666503905,0.9710909962654114,0.014603741932660341,0.4643409769050777
85,212.0371821721395,0.9703569710254669,0.4661071337759495,232.7375732421875,0.9712749004364014,0.014404806774109602,0.4805119405500591
86,210.11607456207275,0.9729231260716915,0.4340809900313616,227.92921142578126,0.9712300658226013,0.01418154127895832,0.4482625313103199
87,209.80589644114175,0.9732314025362333,0.44750686595216393,228.88426208496094,0.9720547080039978,0.014303548261523247,0.4618104142136872
88,209.63969230651855,0.9728723218043646,0.43455266300588846,225.63208923339843,0.9713887453079224,0.014646688010543585,0.44919935101643205
89,207.06265513102213,0.973397746682167,0.44584077736362815,225.5142059326172,0.9721721649169922,0.014536629896610975,0.4603774072602391
90,207.2866007486979,0.9731874999900659,0.44604362687096,225.39629821777345,0.9724056720733643,0.014773298986256123,0.4608169258572161
91,206.88914807637533,0.9733598418533802,0.43349032010883093,224.54916381835938,0.9714087128639222,0.014454890973865986,0.4479452110826969
92,205.50013256072998,0.971201149125894,0.43918519699946046,223.30176391601563,0.9725926041603088,0.014497175347059965,0.4536823723465204
93,205.52751477559408,0.9732300279041132,0.45236648991703987,223.552880859375,0.9722657561302185,0.014341566246002913,0.4667080561630428
94,203.55039342244467,0.9738047830760479,0.43918279418721795,222.3093505859375,0.9722839832305908,0.014405349269509315,0.45358814345672727
95,205.4116875330607,0.9736643334229788,0.4339439729228616,223.80414733886718,0.9718572616577148,0.014169838279485703,0.4481138112023473
96,202.80435498555502,0.9735366068780422,0.4355050837621093,220.440576171875,0.9724773168563843,0.014321502763777971,0.44982658652588725
97,202.96394316355386,0.9742947009702524,0.44695334089919925,221.98584594726563,0.9724426031112671,0.014391922857612371,0.4613452637568116
98,201.77457586924234,0.9739418365061283,0.4346162872388959,219.20789489746093,0.9720393061637879,0.01454518223181367,0.44916146947070956
99,201.82131830851236,0.9741969108581543,0.450943801086396,219.0686767578125,0.9731768727302551,0.01459991093724966,0.46554371202364564
100,202.42462507883707,0.9734676517546177,0.43323327926918864,219.37431640625,0.9717319130897522,0.014539883006364107,0.44777316227555275
101,200.2676788965861,0.9740868347386519,0.4335941798053682,218.33912048339843,0.9733789920806885,0.014710980001837015,0.4483051598072052
102,198.4488000869751,0.9735306029518446,0.43624637508764863,216.90503845214843,0.9733085036277771,0.014542816206812859,0.4507891912944615
103,198.99469216664633,0.9740164913237095,0.4577826512977481,217.23798217773438,0.973057496547699,0.014771031681448221,0.4725536829791963
104,201.80862522125244,0.9712147278090318,0.4601129498332739,217.50150451660156,0.9735530853271485,0.014553966000676155,0.47466691583395004
105,197.99764029184976,0.9747756471236547,0.4621995291672647,217.54751281738282,0.9733432769775391,0.014621498063206673,0.4768210272304714
106,198.3677078882853,0.9746693285803,0.483335642144084,215.56389770507812,0.9734987139701843,0.014462255872786045,0.49779789801687
107,198.20721085866293,0.9741331040859222,0.45916232420131564,214.91810302734376,0.9734647750854493,0.014125005807727575,0.4732873300090432
108,196.32352288564047,0.9724373320738474,0.43310063472017646,213.02001037597657,0.9737902045249939,0.014234035275876522,0.447334669996053
109,196.01194922129312,0.9742086281379064,0.4493150538764894,216.5911376953125,0.9721224188804627,0.014746432658284903,0.4640614865347743
110,196.98450724283853,0.9731335925559202,0.4621532359160483,213.77674255371093,0.9737671256065369,0.016423785127699375,0.47857702104374766
111,198.0254694620768,0.9723582354684671,0.4514699480496347,215.1786346435547,0.9719239473342896,0.014834825415164232,0.4663047734647989
112,194.20840724309286,0.9750575944781303,0.45800322899594903,212.83419189453124,0.972612178325653,0.01479851733893156,0.4728017463348806
113,193.31819597880045,0.9748931663731734,0.4375248830765486,211.80730285644532,0.9738307476043702,0.014563747216016054,0.45208863029256463
114,193.68132527669272,0.9749841888745626,0.5239368984475732,210.4847412109375,0.9726657748222352,0.017072530928999186,0.5410094293765724
115,191.83913707733154,0.9753294189771017,0.48363574780523777,210.51836242675782,0.973806619644165,0.01490454887971282,0.4985402966849506
116,191.63261731465658,0.974752452224493,0.4425315367989242,211.92455444335937,0.973564875125885,0.014773663599044085,0.4573052003979683
117,190.47709131240845,0.9753459791342417,0.4478920139372349,209.72703857421874,0.9744621992111206,0.014467120170593262,0.46235913410782814
118,192.06928157806396,0.9745815309385458,0.44356810115277767,210.9339630126953,0.9739109754562378,0.015883377753198147,0.4594514789059758
119,189.9531462987264,0.9757932387292385,0.4350232887081802,208.9195983886719,0.9739784002304077,0.014230853877961636,0.4492541425861418
120,190.86102294921875,0.9752223951121172,0.44088409980759025,208.65115051269532,0.9741616129875184,0.014054676052182913,0.45493877585977316
121,191.5365301767985,0.9732262641191483,0.4326243391260505,208.62987670898437,0.9736260056495667,0.014293882995843887,0.44691822212189436
122,191.67429987589517,0.9735676335791746,0.43637912487611175,209.98934936523438,0.9741329908370971,0.014555417001247406,0.45093454187735915
123,189.58375072479248,0.974013090133667,0.4336448940448463,207.48474731445313,0.9739830374717713,0.014489025808870792,0.4481339198537171
124,189.44087743759155,0.9743345230817795,0.4691759739071131,206.35467529296875,0.9732620120048523,0.014309414196759462,0.48348538810387254
125,188.81389617919922,0.9741474377612273,0.44518302008509636,206.67295837402344,0.9741954445838928,0.014414157718420029,0.4595971778035164
126,186.75571711858115,0.9755374602973461,0.4368483950383961,206.2455322265625,0.9743684291839599,0.01451162388548255,0.45136001892387867
127,188.75242360432944,0.9742976414660612,0.4349706619977951,206.63246459960936,0.9741798043251038,0.014653088990598917,0.449623750988394
128,187.33653926849365,0.9753146842122078,0.4313743491657078,203.8555145263672,0.9738934516906739,0.014273999724537134,0.44564834889024496
129,186.97657203674316,0.9759340696036816,0.4414774370379746,204.4482635498047,0.9743322730064392,0.014480260666459799,0.4559576977044344
130,188.36762873331705,0.9756221001346906,0.43058018293231726,204.75285949707032,0.9736760973930358,0.014304167125374079,0.44488435005769134
131,187.88703600565592,0.9751166626811028,0.4315237277187407,204.31220703125,0.9749092578887939,0.0387168494053185,0.4702405771240592
132,187.29534784952799,0.9751182744900385,0.44576110830530524,202.87840881347657,0.9740092039108277,0.01442717481404543,0.46018828311935067
133,184.8109599749247,0.9756118804216385,0.4379887608811259,201.65536804199218,0.9743881940841674,0.014215998351573944,0.45220475923269987
134,185.00261656443277,0.9755925113956133,0.47724913014099,201.6745391845703,0.9730211734771729,0.014191860798746347,0.49144099093973637
135,185.1317392985026,0.9748398015896479,0.4394735060632229,200.53778381347655,0.975371253490448,0.014528078027069569,0.45400158409029245
136,183.95231850941977,0.975352397809426,0.44569794833660126,202.4631561279297,0.9748793125152588,0.014175058342516422,0.4598730066791177
137,181.92866563796997,0.9765333347022533,0.43377485033124685,199.93792419433595,0.9753992795944214,0.014093969017267227,0.4478688193485141
138,182.68002319335938,0.9759689383208752,0.43396395491436124,200.197607421875,0.9743651151657104,0.014358000829815865,0.4483219557441771
139,184.25772285461426,0.9750731959939003,0.4616165650077164,199.62598571777343,0.975268280506134,0.014524607919156551,0.47614117292687297
140,181.3678461710612,0.9762450841565927,0.45010751485824585,199.81670532226562,0.9756058931350708,0.014541694894433022,0.46464920975267887
141,181.67541122436523,0.9736072830855846,0.4365559499710798,198.2859680175781,0.9758169531822205,0.014396966900676489,0.4509529168717563
142,183.39203294118246,0.9735782506565253,0.44002741295844316,199.44789428710936,0.9750264883041382,0.014189541805535555,0.4542169547639787
143,181.51021226247153,0.9765252359211445,0.44077148707583547,197.72795715332032,0.9746313214302063,0.014354124199599028,0.4551256112754345
144,182.61496098836264,0.976386363307635,0.4650457720272243,199.18744812011718,0.974112606048584,0.014242871664464474,0.4792886436916888
145,180.68197123209634,0.9757331560055414,0.4348473288118839,196.64857788085936,0.9757482767105102,0.014264864847064018,0.44911219365894794
146,179.98604011535645,0.9766641755898794,0.44561028806492686,197.52571716308594,0.9747710227966309,0.014297964982688427,0.4599082530476153
147,181.75976530710855,0.9763223069409529,0.46391636505723,197.96336669921874,0.9744799256324768,0.01425306499004364,0.47816943004727364
148,181.52155685424805,0.976627038170894,0.43519450770691037,199.84758911132812,0.9754749178886414,0.014349818229675293,0.44954432593658566
149,182.2306785583496,0.9750904366374016,0.435738377738744,201.44247741699218,0.9755410313606262,0.014487945940345526,0.45022632367908955
150,178.61430390675864,0.9762906605998675,0.4615208012983203,194.9898468017578,0.9733521938323975,0.014311368111521006,0.4758321694098413
151,177.24190839131674,0.974164449920257,0.4402244589291513,195.47203063964844,0.9753861665725708,0.0140925501473248,0.4543170090764761
152,178.53255716959634,0.9743548445403576,0.43192340759560466,194.97503356933595,0.9760582089424134,0.014174431096762419,0.4460978386923671
153,176.41779454549155,0.9763205870985985,0.4415321992710233,193.15057067871095,0.9759895920753479,0.014124444220215082,0.45565664349123836
154,178.80415948232016,0.9742029656966528,0.4520518616773188,194.87041320800782,0.9759024024009705,0.014443852007389069,0.4664957136847079
155,176.6127888361613,0.975201158473889,0.4367536618374288,192.68551940917968,0.9756361603736877,0.014549383893609047,0.45130304573103786
156,175.27236906687418,0.9750083250304064,0.44140963116660714,192.6920135498047,0.9732534885406494,0.014622137881815434,0.4560317690484226
157,176.85833899180093,0.9749971777200699,0.47237520199269056,191.94305419921875,0.9765819191932679,0.014211373869329691,0.48658657586202025
158,173.94506120681763,0.9775270645817121,0.45164682902395725,191.964453125,0.9752855062484741,0.014116218313574791,0.46576304733753204
159,173.87360366185507,0.9772365540266037,0.46259411703795195,191.64816284179688,0.9760233759880066,0.014076078776270151,0.4766701958142221
160,175.3935340245565,0.9754229473570982,0.4329300420358777,192.2327117919922,0.974915611743927,0.014242206700146198,0.4471722487360239
161,173.1879472732544,0.9760721325874329,0.42964007379487157,191.0293701171875,0.9761166095733642,0.014018960762768984,0.44365903455764055
162,172.1022899945577,0.9779005410770575,0.4467364167794585,189.67051696777344,0.9764638543128967,0.014399528037756681,0.4611359448172152
163,173.4459260304769,0.9748747820655504,0.44972596131265163,190.58753051757813,0.9766718506813049,0.014627413358539343,0.464353374671191
164,173.8750672340393,0.9757406488060951,0.437965527176857,191.83354797363282,0.9760266184806824,0.014517921023070812,0.4524834481999278
165,174.5318481127421,0.9770766024788221,0.4673709678463638,190.42820434570314,0.9765814900398254,0.014954308047890663,0.48232527589425445
166,173.2443126042684,0.9774893335998058,0.4555185711942613,189.73956909179688,0.9761001110076905,0.015003973618149757,0.47052254481241107
167,173.46840826670328,0.9765314819912115,0.5032219598069787,191.77786865234376,0.9762859225273133,0.014457042794674635,0.5176790026016533
168,170.14246002833048,0.977925339092811,0.4278809819370508,187.98049621582032,0.9767276883125305,0.014181997161358595,0.4420629790984094
169,170.98387813568115,0.9781680963933468,0.4723397260531783,189.27804870605468,0.9761768579483032,0.014509126543998718,0.48684885259717703
170,172.26284090677896,0.9775419645011425,0.44457639660686255,188.81609802246095,0.9765379548072814,0.014309067744761705,0.45888546435162425
171,171.156813621521,0.977516078700622,0.4385300921276212,187.6717559814453,0.9772460460662842,0.014119837898761034,0.4526499300263822
172,168.67516311009726,0.9778179302811623,0.4398763608187437,187.66599731445314,0.9758744597434997,0.014153405092656612,0.4540297659114003
173,168.8958503405253,0.977363433688879,0.4573487308807671,186.36602172851562,0.9764735341072083,0.014467977918684483,0.4718167087994516
174,170.05212561289468,0.9779612583418688,0.4757998837158084,186.33124084472655,0.9770263671875,0.014450951013714075,0.49025083472952247
175,168.11532004674277,0.9785438155134519,0.4410490673035383,186.97686462402345,0.9773642420768738,0.014320896938443184,0.4553699642419815
176,167.68349075317383,0.9785172368089358,0.44073778111487627,186.1455322265625,0.9768453359603881,0.014555760659277439,0.4552935417741537
177,169.00246461232504,0.978145589431127,0.442340683657676,187.9636199951172,0.9766022801399231,0.014211365021765232,0.4565520486794412
178,168.88363138834634,0.9762660513321558,0.43705414002761245,185.02059326171874,0.9769285202026368,0.01446531992405653,0.451519459951669
179,168.71749337514242,0.9781353970368704,0.4505934901535511,185.03553771972656,0.9768039107322692,0.014553757384419441,0.46514724753797054
180,167.130757967631,0.977460985382398,0.43552297493442893,184.1038330078125,0.9767499804496765,0.014813944231718779,0.4503369191661477
181,167.85081656773886,0.9780885117749373,0.4703356297686696,187.04791870117188,0.976693844795227,0.015448824968189001,0.4857844547368586
182,166.10191281636557,0.9784093598524729,0.43929845141246915,184.92432861328126,0.9771888852119446,0.014706423971801996,0.45400487538427114
183,165.69919967651367,0.9765049691001574,0.4371867529116571,183.3924774169922,0.9767925262451171,0.014662359841167927,0.451849112752825
184,166.11381594340006,0.9781403529147307,0.45975040504708886,183.50237426757812,0.9774860858917236,0.01443752832710743,0.4741879333741963
185,166.12900416056314,0.9777729474008083,0.4341059299185872,183.05054626464843,0.9775139331817627,0.014558759983628988,0.4486646899022162
186,165.90481662750244,0.9769709768394629,0.4331331052817404,185.07321166992188,0.9774274945259094,0.01421252591535449,0.4473456311970949
187,166.36392466227213,0.978308683882157,0.4348186682909727,184.8367431640625,0.9765989184379578,0.014526222832500935,0.44934489112347364
188,164.7556940714518,0.9772315695881844,0.4593798681162298,181.4495880126953,0.9777662992477417,0.014347327873110771,0.47372719598934054
189,166.03380076090494,0.9762838991979758,0.4557530037127435,182.8404510498047,0.9773589372634888,0.015016647055745125,0.47076965076848865
190,164.79744990666708,0.9766517567137877,0.43856195313856006,182.5425567626953,0.9765818834304809,0.014683717861771584,0.45324567100033164
191,167.4494021733602,0.9776766076683998,0.46189363207668066,181.6201416015625,0.9777640581130982,0.014581644907593727,0.4764752769842744
192,166.53661918640137,0.978918518871069,0.43736313190311193,184.44681396484376,0.9772309899330139,0.014726573135703802,0.45208970503881574
193,165.0334046681722,0.9785907889405886,0.46910309977829456,182.83521423339843,0.9776814579963684,0.015646526124328375,0.48474962590262294
194,167.00849437713623,0.9782274054984251,0.44564837822690606,181.89422912597655,0.9775489330291748,0.015544424764811993,0.46119280299171805
195,162.85441970825195,0.9788313110669454,0.44826540630310774,180.46893310546875,0.9764204263687134,0.014563193079084158,0.4628285993821919
196,164.87441762288412,0.9783618884781996,0.4406627072021365,181.4395294189453,0.9773527622222901,0.01470165466889739,0.4553643618710339
197,162.77783060073853,0.9790280250211557,0.4348975997418165,179.9735565185547,0.9775902628898621,0.01440803101286292,0.44930563075467944
198,160.73191459973654,0.9791940450668335,0.4465541332028806,180.7739227294922,0.9775653958320618,0.014381697867065668,0.4609358310699463
199,163.13514518737793,0.978953073422114,0.46535154059529305,180.6999053955078,0.9774556040763855,0.014633805956691504,0.47998534655198455
200,161.96556886037192,0.978988740593195,0.47504256619140506,180.23658752441406,0.9777667880058288,0.014449975918978453,0.4894925421103835
201,161.7066100438436,0.9788529686629772,0.43749284325167537,178.45714721679687,0.9782722473144532,0.014644931070506573,0.45213777432218194
202,160.3206033706665,0.979455754160881,0.45071064261719584,178.69185791015624,0.9772451996803284,0.0145900072529912,0.46530064987018704
203,160.85349941253662,0.9790322184562683,0.4489524574019015,178.81189880371093,0.9777329802513123,0.014417083002626896,0.4633695404045284
204,161.46160475413004,0.978018157184124,0.4367028968408704,178.26950378417968,0.9779181718826294,0.014595314860343933,0.4512982117012143
205,162.3210105895996,0.9790273085236549,0.43624383909627795,177.94248962402344,0.9778277993202209,0.014732904266566038,0.450976743362844
206,159.7843737602234,0.9791975679496924,0.46307870419695973,178.05943298339844,0.9782261252403259,0.014585328288376331,0.47766403248533607
207,158.9311006863912,0.9796090958019098,0.43958465615287423,178.39206237792968,0.9777750492095947,0.014349777717143297,0.45393443387001753
208,160.31976970036825,0.9791710885862509,0.4364022323861718,179.4191467285156,0.9783046960830688,0.01612763898447156,0.4525298713706434
209,160.05797068277994,0.977443082878987,0.43794727604836226,178.41031494140626,0.977334487438202,0.01419932208955288,0.45214659813791513
210,159.57433700561523,0.9794133168955644,0.43729266757145524,177.38670043945314,0.9778737187385559,0.014779526740312576,0.4520721943117678
211,158.8913779258728,0.9778370459874471,0.4494098159484565,176.67801513671876,0.9780158758163452,0.014372967649251223,0.46378278359770775
212,157.74514452616373,0.9793751078347365,0.43403220688924193,176.6583251953125,0.9774779915809632,0.014664843212813139,0.4486970501020551
213,157.87052631378174,0.9786259780327479,0.43446694780141115,177.74868469238282,0.9780157089233399,0.014095170889049768,0.4485621186904609
214,158.92820088068643,0.9794387916723887,0.4553900179453194,175.94069213867186,0.977964174747467,0.014546295162290335,0.46993631310760975
215,158.1198943456014,0.9795315886537234,0.4442214537411928,175.27471618652345,0.9780686140060425,0.01464971387758851,0.45887116761878133
216,157.78925959269205,0.979577973484993,0.4681923915632069,177.09442443847655,0.9772775888442993,0.014858817216008902,0.4830512087792158
217,159.123020807902,0.9771045483648777,0.44832479814067483,181.6416259765625,0.9774537682533264,0.014304189011454582,0.4626289871521294
218,159.42433071136475,0.9791854384044806,0.4388319100253284,177.20924072265626,0.9776232123374939,0.01416994584724307,0.45300185587257147
219,157.05899890263876,0.9785483392576376,0.43468744633719325,174.6990936279297,0.9786469459533691,0.014152420219033957,0.4488398665562272
220,157.56709416707358,0.9784561370809873,0.4525430821813643,175.49588317871093,0.9784419059753418,0.01429991377517581,0.4668429959565401
221,156.74092785517374,0.9797288092474142,0.43376317666843534,176.35879516601562,0.9782415866851807,0.014114101883023977,0.4478772785514593
222,156.40888945261636,0.9748366735875607,0.43422936368733644,175.5229919433594,0.9784056186676026,0.014310087077319622,0.44853945076465607
223,155.84816630681357,0.9799657414356867,0.43942722491919994,174.27879943847657,0.9784388661384582,0.014830902218818665,0.4542581271380186
224,157.26494725545248,0.9759449238578478,0.446333684027195,175.038134765625,0.9778487205505371,0.014907038770616055,0.46124072279781103
225,156.27734406789145,0.9796837766965231,0.4336933488957584,173.95769653320312,0.9784203052520752,0.014346298296004534,0.4480396471917629
226,154.6408747037252,0.9799261627097925,0.4329797327518463,173.62429504394532,0.978575336933136,0.014419286977499723,0.44739901972934604
227,155.91323598225912,0.9795134092370669,0.4681415813975036,173.9667999267578,0.9764269232749939,0.014337177854031324,0.48247875925153494
228,156.62534427642822,0.9794775309662024,0.4335021381266415,173.99668579101564,0.9734441757202148,0.014275610912591219,0.44777774903923273
229,155.735000928243,0.9800794646143913,0.4587462549097836,173.19620361328126,0.9786726355552673,0.014540106989443302,0.4732863618992269
230,154.37876590092978,0.9776624143123627,0.4330525239929557,172.48984985351564,0.9788201689720154,0.014026929158717394,0.4470794531516731
231,155.0151654879252,0.9787912232180437,0.4396808249875903,172.6583999633789,0.9785793900489808,0.014456809964030981,0.4541376349516213
232,153.0887208779653,0.9801584308346113,0.43405406177043915,172.004248046875,0.9786836504936218,0.014710964169353247,0.4487650259397924
233,153.68038320541382,0.9799178751806418,0.4318593442440033,172.91131286621095,0.9780557751655579,0.01427892642095685,0.44613827066496015
234,154.66003576914468,0.9797137975692749,0.4340727939270437,171.82461853027343,0.9789919137954712,0.01477820798754692,0.4488510019145906
235,153.5224345525106,0.9788424521684647,0.45755088282749057,171.43389587402345,0.9785041093826294,0.014094378799200058,0.4716452616266906
236,153.43297624588013,0.9798722465833029,0.43740508519113064,172.47974243164063,0.9787419319152832,0.014519268181174994,0.45192435337230563
237,152.86848163604736,0.9802795685827732,0.43207851285114884,172.09253845214843,0.9788715004920959,0.014667766634374857,0.4467462794855237
238,153.8616353670756,0.980033757785956,0.43721279595047235,171.214990234375,0.9782232880592346,0.014440002851188183,0.45165279880166054
239,152.25588766733804,0.9800837176541487,0.432059430051595,170.84857177734375,0.9786076664924621,0.014320335816591978,0.44637976586818695
240,153.81184180577597,0.9785099004705747,0.4576728190295398,170.40817260742188,0.9782045722007752,0.014639358967542648,0.47231217799708247
241,151.9606235822042,0.9780279248952866,0.45485615730285645,170.93944091796874,0.9778644561767578,0.014488202054053545,0.46934435935691
242,152.1995061238607,0.9802152204016844,0.4276267266832292,169.5670928955078,0.9775381922721863,0.014691570308059454,0.44231829699128866
243,151.372567653656,0.9803163769344488,0.429432163015008,170.92770385742188,0.9786853194236755,0.014334599021822214,0.4437667620368302
244,152.624560991923,0.9787289164960384,0.4309292589314282,171.15602111816406,0.9778069376945495,0.014315557200461626,0.4452448161318898
245,151.72122875849405,0.9803501094381014,0.43208107771351933,169.83973999023436,0.979023814201355,0.014704635832458735,0.44678571354597807
246,151.72949997584024,0.9799920370181402,0.4410701598972082,168.34573059082032,0.9793946623802186,0.014314368832856417,0.45538452873006463
247,151.80977233250937,0.979061188797156,0.44279417768120766,169.47836608886718,0.9792447328567505,0.01437535509467125,0.4571695327758789
248,151.46348603566489,0.9802703286210696,0.4288764069788158,169.6524658203125,0.9791371703147889,0.014316321816295385,0.4431927287951112
249,150.18204355239868,0.9803868954380354,0.4417581739835441,168.7085754394531,0.9786644577980042,0.014498674776405096,0.4562568487599492
250,149.55738035837808,0.980125201245149,0.4823746900074184,168.59466247558595,0.978404951095581,0.014560487121343613,0.496935177128762
251,150.95270681381226,0.9798356729249159,0.42908497899770737,168.91558227539062,0.9788047432899475,0.014558636117726564,0.44364361511543393
252,150.03511746724448,0.9804272316396236,0.429473967757076,167.8542510986328,0.9792034506797791,0.014313288033008575,0.4437872557900846
253,150.35773833592734,0.9791687739392122,0.4346784078516066,167.99447631835938,0.9794024109840394,0.01470995182171464,0.44938835967332125
254,148.68002843856812,0.9805958171685537,0.43056786386296153,168.11251831054688,0.9795837759971618,0.014756959863007069,0.4453248237259686
255,147.8422244389852,0.9808745409051577,0.4450073088519275,167.45555725097657,0.9788423657417298,0.014485864900052547,0.45949317375198007
256,148.751002629598,0.9806053452193737,0.4306753589771688,166.78221130371094,0.979553496837616,0.014603130985051394,0.4452784899622202
257,149.25031105677286,0.9803983755409718,0.44393656589090824,169.01884765625,0.9789214611053467,0.014519467949867249,0.4584560338407755
258,150.2758649190267,0.9802961063881716,0.4310174551792443,167.3097137451172,0.9795231342315673,0.014143134001642466,0.44516058918088675
259,148.20010360081992,0.979680422693491,0.43244728771969676,167.84075012207032,0.9787428498268127,0.014230102766305208,0.44667739048600197
260,148.24930826822916,0.9797760484119257,0.43445403734222054,168.35553283691405,0.9787221312522888,0.014067815151065588,0.44852185249328613
261,149.8051700592041,0.9792238064110279,0.43460364593192935,167.15359497070312,0.9792669653892517,0.014172616880387068,0.4487762628123164
262,148.07842874526978,0.9807335337003072,0.4296233057975769,167.98104553222657,0.978418517112732,0.01410149596631527,0.4437248017638922
263,150.32422590255737,0.9803409340480963,0.4304763013496995,167.10037536621093,0.9792868733406067,0.014530774671584368,0.44500707602128386
264,147.91401513417563,0.9808464994033178,0.4306391621939838,165.89649047851563,0.9794480323791503,0.014208708889782429,0.4448478710837662
265,148.15195751190186,0.9779829146961371,0.4283380452543497,166.6333984375,0.9792678833007813,0.014145501889288425,0.44248354714363813
266,148.810981909434,0.9808104808131853,0.4321129750460386,165.79391479492188,0.9796242356300354,0.014037823304533958,0.4461507983505726
267,146.5703681310018,0.9806457149485747,0.43121464317664504,167.2017364501953,0.9792440533638,0.013986935839056969,0.445201579015702
268,147.66099246342978,0.9798004652063051,0.4447958469390869,169.0017333984375,0.9780557990074158,0.014333885163068771,0.4591297321021557
269,149.45650227864584,0.9808391307791074,0.42760635865852237,168.64039306640626,0.9776114106178284,0.014325790107250214,0.4419321487657726
270,148.29493125279745,0.9807978508373102,0.43092879513278604,164.794677734375,0.9798044919967651,0.014228913933038712,0.44515770906582475
271,148.07962115605673,0.9807397698362669,0.4447703822515905,166.05638427734374,0.9794286012649536,0.01466715568676591,0.4594375379383564
272,146.52732022603354,0.9813220972816149,0.4284553760662675,165.56293334960938,0.9796957969665527,0.014256087131798267,0.44271146319806576
273,144.71849942207336,0.9811524003744125,0.43916028505191207,164.27961120605468,0.9784488558769227,0.014506103005260229,0.4536663880571723
274,144.98601373036703,0.9809091637531916,0.4347432488575578,164.5544860839844,0.9788429617881775,0.014118039049208164,0.44886128790676594
275,147.1786969502767,0.9803397506475449,0.4267572979442775,163.87868041992186,0.9795991063117981,0.014333364553749561,0.4410906624980271
276,145.9128835995992,0.9810115918517113,0.441051681060344,164.89829711914064,0.9797919154167175,0.014186638873070478,0.45523831993341446
277,145.25257460276285,0.9814042796691259,0.43768101278692484,163.93890991210938,0.9796847581863404,0.014535104855895042,0.4522161176428199
278,144.61962731679282,0.9812468389670054,0.45329266134649515,163.40985107421875,0.9784515380859375,0.014672738965600729,0.4679654003120959
279,144.66550890604654,0.9812375145653883,0.43470493983477354,163.97002563476562,0.9795335292816162,0.014207142870873213,0.44891208270564675
280,146.27012713750204,0.981132817765077,0.439054608810693,164.549560546875,0.9797051310539245,0.014404834248125553,0.4534594430588186
281,144.1033878326416,0.9812835591534773,0.43038070388138294,162.22618408203124,0.9793501853942871,0.014415865764021873,0.4447965696454048
282,144.50186967849731,0.981130654613177,0.4506553318351507,164.2731506347656,0.978978431224823,0.014239535201340914,0.46489486703649163
283,143.9824422200521,0.9811122181514899,0.43159089982509613,162.30725708007813,0.9790711164474487,0.014354150742292404,0.44594505056738853
284,145.33386119206747,0.9794350949426492,0.43217636086046696,163.43011474609375,0.9797407627105713,0.014522971119731665,0.4466993319801986
285,144.0735527674357,0.9812557175755501,0.43042763508856297,164.6400390625,0.9792884230613709,0.014424362685531378,0.44485199777409434
286,146.20289262135825,0.9808360375463963,0.43842154322192073,162.91214904785156,0.9788090467453003,0.014510920271277428,0.45293246349319816
287,143.7989985148112,0.981189471979936,0.42744701402261853,162.3232208251953,0.9798654675483703,0.014580865856260061,0.4420278798788786
288,143.81054989496866,0.9806186916927496,0.426420571282506,162.4209197998047,0.9796605348587036,0.014524200931191444,0.44094477221369743
289,143.6792532602946,0.9814839884638786,0.4379844809882343,162.24549865722656,0.9786913871765137,0.014246652834117413,0.4522311338223517
290,144.0221207936605,0.9798296329875787,0.43255337281152606,161.86744384765626,0.9797509670257568,0.01427164115011692,0.446825013961643
291,143.57524410883585,0.9797247039775053,0.4321898533962667,161.56690979003906,0.9800788998603821,0.014594240114092827,0.4467840935103595
292,143.47650321324667,0.9802101391057173,0.43392454693093896,162.3007385253906,0.9798730492591858,0.014211906585842371,0.44813645351678133
293,143.9104150136312,0.979001834988594,0.42977602081373334,162.85975341796876,0.9799516677856446,0.01413593115285039,0.44391195196658373
294,144.69688590367636,0.9779046500722567,0.4318650499917567,162.6655075073242,0.9795663595199585,0.014264286030083895,0.4461293360218406
295,142.55913146336874,0.9815339123209318,0.42725260416045785,160.2686340332031,0.9801910161972046,0.014780000317841768,0.4420326044782996
296,141.9063622156779,0.9816713879505793,0.45128952618688345,161.32547912597656,0.9799889087677002,0.014254982117563486,0.46554450830444694
297,141.65320873260498,0.9817492477595806,0.4328272049315274,160.05282287597657,0.9794949173927308,0.01442811731249094,0.4472553222440183
298,141.1263836224874,0.9814538968106111,0.4398045181296766,161.4029083251953,0.9797086834907531,0.014456725679337978,0.45426124380901456
299,140.77374410629272,0.9814806083838145,0.437794997356832,160.39765625,0.9791691184043885,0.014658414293080568,0.4524534116499126
300,142.62213230133057,0.9811439538995425,0.43282221304252744,161.20165100097657,0.9792137145996094,0.014737882651388645,0.4475600956939161
301,140.1799182097117,0.9818156709273657,0.4315181886777282,160.1199493408203,0.9801090359687805,0.014530816115438938,0.4460490047931671
302,142.56146589914957,0.9815557164450487,0.4309539180248976,159.93185119628907,0.9801650643348694,0.017412995919585228,0.4483669139444828
303,142.13584025700888,0.9807251381377379,0.4446094217710197,162.23353881835936,0.9800214409828186,0.014717807061970234,0.45932722883298993
304,140.05736088752747,0.98117263118426,0.4412945918738842,158.77918701171876,0.9803749322891235,0.014421196654438972,0.4557157885283232
305,141.42738723754883,0.9811353807648023,0.440775899682194,161.47618408203124,0.9801889061927795,0.01416439888998866,0.45494029857218266
306,141.02575556437174,0.9817745027442774,0.4325047512538731,159.0874481201172,0.9802460670471191,0.014587074983865023,0.44709182623773813
307,140.29426256815592,0.9815484570960203,0.4365345458500087,159.15740966796875,0.9796074748039245,0.014292059000581503,0.45082660485059023
308,141.5735683441162,0.9812938583393892,0.4430827642790973,159.80011596679688,0.9804014325141907,0.014341541100293398,0.4574243053793907
309,141.06949472427368,0.9807116960485777,0.434444400947541,158.3024932861328,0.9801549196243287,0.014156662859022617,0.4486010638065636
310,140.61254374186197,0.9809610024094582,0.44273726688697934,158.5524475097656,0.9793225765228272,0.014417880214750767,0.4571551471017301
311,139.85840129852295,0.9819502867758274,0.4422054528258741,158.5578857421875,0.9801031827926636,0.014529334846884012,0.4567347876727581
312,139.55789788564047,0.9817478507757187,0.440710942260921,158.3166534423828,0.980393397808075,0.01423225924372673,0.45494320150464773
313,139.33339405059814,0.981793750077486,0.4394130688160658,159.50743408203124,0.9805466175079346,0.014369816984981298,0.4537828858010471
314,139.58846473693848,0.9808467390636603,0.42914957413449883,158.73356018066406,0.9800927042961121,0.014753485098481178,0.44390305923298
315,139.1830817858378,0.9810611059268316,0.43202780606225133,158.04696502685547,0.980517578125,0.015888262074440718,0.44791606813669205
316,139.2682344118754,0.9818193117777506,0.43403590889647603,157.0235382080078,0.9804248929023742,0.014125788118690252,0.4481616970151663
317,137.827880859375,0.9819424872597059,0.4418995650485158,156.89915466308594,0.9806057214736938,0.014374463353306055,0.45627402840182185
318,138.50561459859213,0.9819598458707333,0.4314044890925288,158.03492126464843,0.9806640386581421,0.014298856724053621,0.44570334581658244
319,137.37499475479126,0.9820289723575115,0.42881470127031207,157.63768157958984,0.9782573580741882,0.014538673684000969,0.44335337495431304
320,137.42320458094278,0.9821152947843075,0.4323636321350932,156.5578643798828,0.9782023072242737,0.01451777620241046,0.44688140833750367
321,136.96888065338135,0.9813561563690504,0.431259392760694,159.8511505126953,0.980258584022522,0.014466632157564163,0.4457260249182582
322,139.33714707692465,0.9813126375277837,0.43242879770696163,155.96393890380858,0.979732358455658,0.01575563894584775,0.4481844366528094
323,138.12435324986777,0.9820542906721433,0.43674460612237453,156.3545684814453,0.9808234095573425,0.014366235118359327,0.45111084124073386
324,137.41935698191324,0.9822971411049366,0.43927494110539556,156.76079711914062,0.9804690718650818,0.01465920265763998,0.45393414376303554
325,137.40491326649985,0.9821486137807369,0.45360826095566154,156.7377899169922,0.9803336501121521,0.014813030138611794,0.46842129109427333
326,137.35218032201132,0.981904175132513,0.4549558013677597,156.02118835449218,0.9804624795913697,0.015427714213728905,0.4703835155814886
327,136.5149892171224,0.9822548888623714,0.4451974290423095,155.49324645996094,0.9807429075241089,0.01466866908594966,0.4598660981282592
328,136.06463066736856,0.9823499073584875,0.4327566949650645,157.6360626220703,0.9807758688926697,0.014662683941423893,0.4474193789064884
329,136.63365284601846,0.9816793476541837,0.4361090720631182,154.92422485351562,0.9804328680038452,0.014265099074691534,0.45037417113780975
330,137.0402447382609,0.9799644028147062,0.45819741394370794,156.71188659667968,0.9803250551223754,0.014802668243646622,0.47300008218735456
331,135.9770712852478,0.9821913503110409,0.4409287660382688,156.7969757080078,0.9800197362899781,0.014174181036651134,0.45510294707491994
332,138.97287193934122,0.9795947559177876,0.43195225903764367,156.24319458007812,0.9807409644126892,0.014365485403686762,0.44631774444133043
333,137.6268606185913,0.9816835212210814,0.4514213311485946,155.30271606445314,0.9790127515792847,0.014284426812082529,0.46570575796067715
334,138.51131439208984,0.981640258183082,0.44868946308270097,155.86632080078124,0.9800153851509095,0.014288918115198612,0.4629783811978996
335,135.08607498804727,0.9822752053538958,0.4343487164005637,154.69254150390626,0.980948543548584,0.014352078083902597,0.4487007944844663
336,136.06840562820435,0.9822840603689352,0.4314818438142538,155.31431274414064,0.9806278824806214,0.014157998375594616,0.4456398421898484
337,136.36847670873007,0.9822638109326363,0.4315852574072778,154.2728271484375,0.9803040742874145,0.014404284302145243,0.44598954170942307
338,136.1835872332255,0.9811151412626108,0.4524043509736657,156.95004577636718,0.9806171655654907,0.014363642781972885,0.4667679937556386
339,136.363685131073,0.9805060190459093,0.435927483253181,154.97758026123046,0.9799183487892151,0.0142822852358222,0.4502097684890032
340,134.37791776657104,0.9826724057396253,0.4410361680202186,154.0658721923828,0.9807816743850708,0.013889526017010212,0.4549256940372288
341,134.98444096247354,0.9827642167607943,0.43240546993911266,153.67218322753905,0.9800614476203918,0.01478465087711811,0.4471901208162308
342,134.58142757415771,0.9824729847411314,0.4428977179341018,153.5328155517578,0.9812658667564392,0.014107308350503445,0.45700502628460526
343,134.11237605412802,0.9823847909768423,0.43006597831845284,153.14073486328124,0.9810530185699463,0.014158095233142376,0.4442240735515952
344,135.05260499318442,0.9818439582983652,0.430237689986825,153.82864990234376,0.9799030303955079,0.0138983940705657,0.4441360840573907
345,134.08336718877158,0.980668842792511,0.43639368563890457,152.9988754272461,0.9812024474143982,0.014414066914469004,0.4508077525533736
346,134.09383614857992,0.9825509190559387,0.4229457569308579,152.8033233642578,0.9811709523200989,0.013955092057585716,0.4369008489884436
347,134.67550118764242,0.9813304916024208,0.45272671012207866,152.78058776855468,0.980862808227539,0.014038496185094118,0.4667652063071728
348,133.12499634424844,0.9826789932946364,0.43400631472468376,152.58857116699218,0.9807049393653869,0.014644113834947348,0.4486504285596311
349,133.0264046986898,0.982855886220932,0.43105244217440486,152.65941467285157,0.98064683675766,0.014175199903547764,0.4452276420779526
350,133.784029006958,0.9824699461460114,0.4256941522471607,153.33312377929687,0.9804398775100708,0.014174177311360836,0.4398683295585215
351,134.0738010406494,0.9826178687314192,0.44155887560918927,152.75041809082032,0.9809193730354309,0.014779618941247463,0.45633849455043674
352,133.32683674494425,0.9811518639326096,0.43497942108660936,153.20823669433594,0.9803682327270508,0.014651149045675993,0.44963057013228536
353,134.33607260386148,0.9825233370065689,0.42758952220901847,153.36529388427735,0.9810494661331177,0.01408527884632349,0.44167480105534196
354,132.4567035039266,0.9825860473016897,0.4254629141651094,152.15662841796876,0.9804458141326904,0.014385899994522333,0.43984881415963173
355,131.94217507044473,0.9827098809182644,0.4368485249578953,151.48323669433594,0.9813703894615173,0.014963032212108374,0.45181155717000365
356,131.75971253712973,0.9829330096642176,0.45202749595046043,151.46441955566405,0.981058669090271,0.0149269113317132,0.46695440728217363
357,131.27697594960532,0.9829739257693291,0.4351164479739964,152.1729736328125,0.980941891670227,0.01451696502044797,0.44963341299444437
358,132.6034197807312,0.9826499074697495,0.4435636466369033,152.84634094238282,0.9811693787574768,0.01429748022928834,0.4578611268661916
359,132.1501146952311,0.9828484070797762,0.435850749257952,151.258544921875,0.980956518650055,0.014381670393049717,0.4502324196510017
360,132.7017002105713,0.9826286944250265,0.4390997840091586,151.92234497070314,0.9785324215888977,0.01469226460903883,0.45379204861819744
361,131.18259970347086,0.9819041676819324,0.4372043306939304,150.90503540039063,0.9805978178977967,0.014614380430430174,0.45181871112436056
362,132.10353962580362,0.9828741575280825,0.4330860651098192,151.943896484375,0.9806248903274536,0.014676407910883427,0.4477624730207026
363,131.86896498998007,0.9829863371948401,0.4383424138650298,153.07638244628907,0.9808368563652039,0.014564094133675098,0.4529065079987049
364,131.5813767115275,0.9828350854416689,0.43980843015015125,151.8360595703125,0.9812782526016235,0.014260919764637947,0.4540693499147892
365,132.04358434677124,0.9814884997904301,0.43066611094400287,151.21320190429688,0.9808665156364441,0.01451250072568655,0.4451786116696894
366,132.04211044311523,0.9825916898747286,0.4374671960249543,154.8875946044922,0.9808481335639954,0.014285214710980654,0.451752410735935
367,131.50771061579385,0.9828301059703032,0.43484745314344764,149.8676513671875,0.9807591438293457,0.01464215898886323,0.44948961213231087
368,130.9124345779419,0.9828132167458534,0.4428064841777086,149.96357421875,0.9816743731498718,0.014904429204761982,0.4577109133824706
369,134.3103640874227,0.9804578299323717,0.4555077441036701,157.1748260498047,0.9806138038635254,0.014243227895349264,0.4697509719990194
370,132.1519513130188,0.9824248614410559,0.4464362971484661,150.1953384399414,0.9815902829170227,0.01474436279386282,0.46118065994232893
371,129.65683269500732,0.9833244221905867,0.43827328784391284,150.02717132568358,0.9812839388847351,0.014618999790400267,0.4528922876343131
372,129.66406091054282,0.9830083474516869,0.4285862175747752,149.59213104248047,0.9811862587928772,0.014429251197725534,0.44301546877250075
373,129.74437475204468,0.9824255978067716,0.4360538236796856,149.46211853027344,0.9814717292785644,0.014453188050538301,0.4505070117302239
374,130.05912065505981,0.9829913886884848,0.44476387882605195,149.26233673095703,0.9815527081489563,0.014216059353202581,0.45897993817925453
375,129.45384947458902,0.9832802613576254,0.4337965343147516,149.56591186523437,0.9805500149726868,0.014344365801662207,0.44814090011641383
376,128.4930888811747,0.9832464208205541,0.42962271394208074,149.5178436279297,0.9810021400451661,0.014337923843413591,0.4439606377854943
377,129.96638282140097,0.9829439905782541,0.43286546180024743,149.2718948364258,0.9810885190963745,0.01560984319075942,0.44847530499100685
378,128.4858948389689,0.9833882960180441,0.4332470139488578,149.67850036621093,0.9812560677528381,0.014222749043256044,0.44746976299211383
379,130.14639822642008,0.9816371276974678,0.4290104219689965,150.10993041992188,0.9812880039215088,0.01525383023545146,0.444264252204448
380,129.10267655054727,0.9828835738201936,0.4340225690975785,149.71766967773436,0.9816830039024353,0.014579962007701397,0.4486025311052799
381,127.97918113072713,0.9830289197464784,0.43508778791874647,148.95445098876954,0.9813346147537232,0.014784610830247402,0.4498723987489939
382,128.4067818323771,0.9828621993462244,0.43045899411663413,148.8933837890625,0.9807417988777161,0.014474451541900635,0.44493344565853477
383,128.78015104929605,0.9831787459552288,0.433127838652581,149.04265594482422,0.98167325258255,0.01463514193892479,0.44776298059150577
384,129.38352807362875,0.9831452791889509,0.4349391721189022,148.75057525634764,0.9815471649169922,0.01473194919526577,0.449671121314168
385,127.7270868619283,0.9836023896932602,0.4442211608402431,148.1094177246094,0.9816097021102905,0.014436717610806227,0.45865787845104933
386,128.82340796788534,0.9818307993312677,0.4329126453958452,148.1911834716797,0.9815470337867737,0.014506283216178417,0.4474189286120236
387,128.66947348912558,0.9814218195776144,0.429663416929543,148.8661895751953,0.9817518472671509,0.014679733198136091,0.4443431501276791
388,128.7566418647766,0.9833262177805105,0.42887715296819806,148.92308959960937,0.9813876986503601,0.014487216249108315,0.4433643692173064
389,129.11243788401285,0.9818424321711063,0.42713833367452025,148.13132019042968,0.9816358923912049,0.014437363017350435,0.4415756966918707
390,127.40406163533528,0.9831708210210005,0.42668874794617295,148.2495330810547,0.9814791798591613,0.014229345601052046,0.440918093547225
391,126.5730369091034,0.9834249118963877,0.4435597388073802,149.0960479736328,0.9802561283111573,0.01436753198504448,0.4579272707924247
392,127.57852760950725,0.9829760566353798,0.447143510915339,147.41118774414062,0.9818848729133606,0.014535412192344666,0.46167892310768366
393,127.27577495574951,0.9833538606762886,0.44018366280943155,147.55020599365236,0.9818588018417358,0.014170975890010595,0.45435463869944215
394,127.63937791188557,0.9811888399223486,0.4259743210859597,151.15277404785155,0.9814529418945312,0.014298475813120604,0.4402727968990803
395,127.51621262232463,0.9833972652753195,0.42732912162318826,148.0733200073242,0.9797141909599304,0.014204014092683792,0.44153313571587205
396,127.32326714197795,0.9835051819682121,0.42781857401132584,147.01143646240234,0.9814649820327759,0.014603990130126476,0.4424225641414523
397,128.19602664311728,0.9832752930621306,0.42503208480775356,147.4032455444336,0.9812607169151306,0.014156592078506947,0.4391886768862605
398,126.30138476689656,0.9835434469083945,0.42535936972126365,146.75786590576172,0.9806022882461548,0.014358402229845524,0.43971777195110917
399,126.31457694371541,0.9835813604295254,0.43699329905211926,147.0694580078125,0.9810448169708252,0.014337080996483564,0.4513303800486028
400,128.46351385116577,0.9825525283813477,0.4390615988522768,148.34898376464844,0.9815944910049439,0.014225334860384464,0.45328693371266127
401,126.2218147913615,0.9830961599946022,0.42706514801830053,146.90741119384765,0.9814989566802979,0.014597191009670496,0.44166233902797103
402,126.70252561569214,0.9833248456319174,0.42230886593461037,146.51643981933594,0.9814775824546814,0.01426380593329668,0.43657267186790705
403,125.86917082468669,0.9834022248784701,0.4294439540244639,145.69280090332032,0.9822533965110779,0.014195473864674568,0.44363942788913846
404,125.87018775939941,0.9831730350852013,0.4344141688197851,146.06134338378905,0.9820181369781494,0.014078064821660519,0.44849223364144564
405,126.88082345326741,0.9833339465161165,0.42396686505526304,147.46735382080078,0.9817025303840637,0.01409516204148531,0.43806202709674835
406,127.77207612991333,0.9835086663564047,0.42135802283883095,146.6914810180664,0.980523681640625,0.01449804287403822,0.43585606571286917
407,128.17904678980508,0.9814178434511026,0.423117196187377,146.7462615966797,0.9816457509994507,0.01420642202720046,0.43732361821457744
408,128.07759698232016,0.983265849451224,0.4233389440923929,147.2690002441406,0.9815873265266418,0.013974768109619617,0.43731371220201254
409,125.67734559377034,0.9821955809990565,0.42396546760573983,146.74681091308594,0.9815427541732789,0.01400716369971633,0.43797263130545616
410,125.2041524251302,0.9837513292829195,0.42852956987917423,146.13111114501953,0.9815165638923645,0.014102587942034006,0.44263215782120824
411,124.1833393573761,0.9830467614034811,0.42416112404316664,145.28133087158204,0.9815945267677307,0.014275805093348026,0.43843692913651466
412,125.08193016052246,0.9824251246949037,0.42603697814047337,146.30941314697264,0.9819523572921753,0.014246663078665733,0.4402836412191391
413,124.96282052993774,0.9830908936758836,0.4223839109763503,145.98247985839845,0.981447446346283,0.014308243989944458,0.43669215496629477
414,124.53801647822063,0.9838190861046314,0.42921276669949293,145.69491882324218,0.9806594252586365,0.015034154057502747,0.4442469207569957
415,124.59270445505778,0.9836905747652054,0.42392035527154803,145.42078247070313,0.9816704034805298,0.014138645026832819,0.43805900029838085
416,124.43164348602295,0.9838140445450941,0.4259983468800783,145.04239196777343,0.9821561098098754,0.014059034176170826,0.44005738105624914
417,124.96058289210002,0.9838759017487367,0.4233263386413455,145.41273193359376,0.9817251205444336,0.014493572060018778,0.4378199107013643
418,125.31180302302043,0.9820856812099615,0.4570843796245754,147.20016784667968,0.9806875348091125,0.014561560936272144,0.4716459405608475
419,126.20721896489461,0.9836521235605081,0.42849118262529373,145.32757873535155,0.9818424344062805,0.014219310134649277,0.442710492759943
420,125.07347361246745,0.9829462034006914,0.42724825628101826,147.22919616699218,0.9818617701530457,0.014347326941788197,0.44159558322280645
421,125.24558480580647,0.9834885361293951,0.4310855222865939,146.890576171875,0.9815865397453308,0.014577006921172142,0.44566252920776606
422,125.34253597259521,0.983383271843195,0.4255424039438367,144.31548919677735,0.9816587090492248,0.013993217144161463,0.43953562108799815
423,124.3349887530009,0.9833758460978667,0.4382255934178829,144.29608764648438,0.9819430470466614,0.01427289703860879,0.4524984904564917
424,124.60264921188354,0.9829445953170458,0.4299047947861254,145.81175842285157,0.9818279147148132,0.014245620928704739,0.44415041571483016
425,124.02998479207356,0.983889444420735,0.4250649018213153,145.04082183837892,0.9812540531158447,0.014428406022489071,0.43949330784380436
426,122.99746195475261,0.9832585702339808,0.4274996751919389,143.6295654296875,0.9820125579833985,0.014382021967321634,0.4418816971592605
427,124.08461729685466,0.983831126242876,0.42520225513726473,144.5215057373047,0.9821998238563537,0.01442344719544053,0.43962570233270526
428,123.03845548629761,0.9840154411892096,0.4266095790080726,143.74005889892578,0.9821812391281128,0.01413931930437684,0.44074889831244946
429,122.77198600769043,0.983969084918499,0.42604177398607135,143.9858612060547,0.9816053748130799,0.01427391404286027,0.4403156880289316
430,122.59537521998088,0.9841223309437434,0.42910540010780096,143.57760925292968,0.9813619613647461,0.014342891983687878,0.44344829209148884
431,122.79480171203613,0.9840989994506041,0.43379003880545497,143.59054260253907,0.9819719552993774,0.01435563014820218,0.44814566895365715
432,124.11415036519368,0.9826458618044853,0.4271665560081601,145.11748809814452,0.9804109692573547,0.014457124751061201,0.4416236807592213
433,124.27588733037312,0.9831660563747088,0.42585493391379714,143.58335571289064,0.9816704630851746,0.014076814986765385,0.4399317489005625
434,123.63688039779663,0.9838344939053059,0.42574414098635316,143.7268508911133,0.9814908266067505,0.014518534764647484,0.44026267575100064
435,122.3737400372823,0.9841298051178455,0.430278189945966,144.5719482421875,0.9819960951805115,0.01433497667312622,0.4446131666190922
436,122.91038242975871,0.9840069549779097,0.42816532822325826,148.93660583496094,0.9813250780105591,0.014263186138123274,0.44242851436138153
437,123.96319754918416,0.9838923861583074,0.4412176590412855,143.06624603271484,0.9821271419525146,0.014319362118840218,0.45553702116012573
438,122.13520622253418,0.9839429979523023,0.43413322791457176,143.0135955810547,0.9825036287307739,0.014376594685018063,0.4485098225995898
439,121.64633369445801,0.9842433109879494,0.4270444209687412,142.9815887451172,0.9824978470802307,0.014393250923603773,0.44143767189234495
440,122.45237827301025,0.9838965932528178,0.42520044976845384,143.3357696533203,0.9820501327514648,0.01423099497333169,0.4394314447417855
441,121.67956447601318,0.9839635230600834,0.42593410005792975,143.4160919189453,0.981971800327301,0.014353876933455467,0.4402879769913852
442,122.28410943349202,0.9839035384356976,0.42494213907048106,142.46095581054686,0.982024872303009,0.014495506882667542,0.4394376459531486
443,121.48549747467041,0.9839053514103094,0.42382752196863294,142.2340576171875,0.9822656154632569,0.017228578217327595,0.44105610018596053
444,120.53071173032124,0.9841396448512872,0.4278929908759892,142.731982421875,0.9814211964607239,0.014110895805060863,0.44200388668105006
445,122.49719413121541,0.9840075261890888,0.4238996156491339,143.62159881591796,0.9820659279823303,0.014299160800874233,0.43819877645000815
446,120.99877341588338,0.9836323149502277,0.42647823970764875,141.96739807128907,0.982463824748993,0.014260240830481052,0.4407384805381298
447,121.6231156984965,0.9841756845513979,0.4324736278504133,143.10031127929688,0.9820842385292053,0.014191224705427885,0.4466648525558412
448,122.18053356806438,0.9838555194437504,0.4255178361199796,142.70346069335938,0.9823528409004212,0.014411156065762043,0.43992899218574166
449,121.21596844991048,0.9836748192707697,0.43507821299135685,141.77779541015624,0.9821990847587585,0.014492889866232872,0.4495711028575897
450,121.35930474599202,0.9841169255475203,0.42701581958681345,143.336279296875,0.9815703868865967,0.014652987942099571,0.441668807528913
451,123.31614955266316,0.9810223169624805,0.42525811586529016,144.07349548339843,0.9822692275047302,0.01441072579473257,0.43966884166002274
452,121.64009110132854,0.983638096600771,0.4265070906840265,142.7045654296875,0.9821229338645935,0.014541033189743757,0.44104812387377024
453,121.76346317927043,0.9824123047292233,0.4244550629518926,141.49651794433595,0.9825909495353699,0.014185117091983557,0.43864018004387617
454,121.23859103520711,0.9835577085614204,0.4263414070010185,143.0141815185547,0.9823785662651062,0.014276053290814161,0.4406174602918327
455,120.73069254557292,0.9841509498655796,0.4246205957606435,142.13727111816405,0.981855046749115,0.014442197047173977,0.43906279280781746
456,119.24003505706787,0.9845461174845695,0.43029297702014446,141.2004608154297,0.9827036261558533,0.014071582350879908,0.44436455937102437
457,120.97245264053345,0.9843418399492899,0.4388237209059298,141.33360748291017,0.982419466972351,0.014106057118624449,0.45292977802455425
458,120.04132588704427,0.9843341087301573,0.42758998507633805,141.31676635742187,0.98242027759552,0.014498129021376371,0.4420881140977144
459,122.61838229497273,0.9839365954200426,0.43942792201414704,143.52088623046876,0.9815464854240418,0.014451883267611265,0.4538798052817583
460,120.33452637990315,0.9842760972678661,0.42860141210258007,141.31873168945313,0.9821208715438843,0.014349269215017557,0.4429506813175976
461,121.178369363149,0.9830787219107151,0.43147014221176505,143.66795654296874,0.982238519191742,0.014435574878007174,0.4459057170897722
462,122.48069938023885,0.9839149688680967,0.42772817937657237,143.08780364990236,0.9818112850189209,0.014608345925807953,0.4423365253023803
463,120.65906047821045,0.9843956418335438,0.4268887871876359,142.0140350341797,0.9824532628059387,0.014207148924469948,0.44109593611210585
464,119.69366041819255,0.984090868383646,0.4282411918975413,141.7150863647461,0.982154905796051,0.01428699679672718,0.44252818869426847
465,119.3587064743042,0.9838344566524029,0.42840324295684695,141.15838165283202,0.9825724720954895,0.014248153194785118,0.44265139615163207
466,119.92514816919963,0.9837191663682461,0.4284683158621192,141.030810546875,0.9817253351211548,0.014404714573174715,0.4428730304352939
467,119.31942749023438,0.9840029130379359,0.4462037682533264,141.00077209472656,0.9821905374526978,0.013857127167284489,0.4600608954206109
468,119.14036226272583,0.9844515584409237,0.4474673783406615,141.14228210449218,0.9822946786880493,0.014396870974451303,0.46186424931511283
469,118.94746446609497,0.9843365885317326,0.42147752130404115,141.13681640625,0.9822041392326355,0.013874466996639967,0.4353519883006811
470,119.92778078715007,0.9843006804585457,0.4298095069825649,146.19210510253907,0.9819018363952636,0.014322862029075623,0.44413236901164055
471,119.70373900731404,0.9843996924658617,0.4226293698884547,141.04867706298828,0.982620894908905,0.01419883407652378,0.43682820396497846
472,119.34896437327068,0.9841829227904478,0.4244234012439847,139.75576171875,0.9811527729034424,0.014125757850706577,0.4385491590946913
473,118.14635340372722,0.9848155602812767,0.43979050777852535,139.71646118164062,0.9824628829956055,0.013995374087244272,0.4537858818657696
474,118.00411701202393,0.9842678084969521,0.4355561980046332,139.7297821044922,0.9820037364959717,0.014205486979335546,0.44976168498396873
475,118.52109670639038,0.9831339865922928,0.42600023094564676,139.6308563232422,0.982515025138855,0.014234347734600306,0.44023457868024707
476,117.87669928868611,0.9845112276573976,0.4420608286745846,139.62447204589844,0.9822672009468079,0.013877581804990768,0.4559384104795754
477,118.24647013346355,0.9844680478175482,0.4241739362478256,139.66580200195312,0.9827251553535461,0.014196123462170362,0.438370059709996
478,117.50406630833943,0.9844644802312056,0.4319884800352156,139.58342437744142,0.9814418435096741,0.014357982203364372,0.44634646223858
479,120.6222955385844,0.9824997273584207,0.42429741797968745,139.7246536254883,0.9825814962387085,0.014312936924397945,0.4386103549040854
480,117.9859193166097,0.9847084892292818,0.4220814439468086,139.64571685791014,0.9826979160308837,0.014262992423027754,0.43634443636983633
481,116.78293057282765,0.9845224047700564,0.42559797409921885,139.678466796875,0.981246018409729,0.014225143939256668,0.4398231180384755
482,118.95997095108032,0.9844870530068874,0.42403098940849304,139.5971420288086,0.9824146747589111,0.014121235813945532,0.4381522252224386
483,118.83511606852214,0.9838588982820511,0.4236451000906527,139.71171875,0.9826492667198181,0.014095945749431849,0.43774104584008455
484,117.6218310991923,0.984525794784228,0.4235769887454808,139.583837890625,0.9822485446929932,0.014199740253388882,0.43777672899886966
485,118.69837474822998,0.9845955322186152,0.43389343516901135,139.53740539550782,0.9828892350196838,0.014691432937979698,0.44858486810699105
486,119.36874183019002,0.9845253663758436,0.43517839163541794,139.64674682617186,0.9823307037353516,0.014401973225176334,0.4495803648605943
487,117.7055230140686,0.9844683135549227,0.4296857248991728,139.6360107421875,0.982794463634491,0.014511032961308956,0.44419675786048174
488,118.34123547871907,0.9845019020140171,0.4269217881374061,139.5289566040039,0.9821559667587281,0.014098342973738909,0.441020131111145
489,119.05866559346516,0.9820491808156172,0.4294664370827377,139.65713500976562,0.9825367450714111,0.01442629098892212,0.4438927280716598
490,118.83709049224854,0.9825519310931364,0.4284175029024482,139.48029327392578,0.9824586749076843,0.01459183031693101,0.4430093332193792
491,118.45804611841838,0.9837645503381888,0.4293886460363865,139.64285583496093,0.9815089225769043,0.014593373984098434,0.4439820200204849
492,117.49619245529175,0.984519592175881,0.42740022391080856,139.63399963378907,0.9827955842018128,0.014464376959949732,0.4418646008707583
493,118.17092386881511,0.9844955379764239,0.43383275764063,139.4764892578125,0.982186472415924,0.014294472988694906,0.4481272306293249
494,118.51144297917683,0.9847181960940361,0.43210725020617247,139.55088500976564,0.9816101789474487,0.014156633988022804,0.44626388419419527
495,118.23105971018474,0.9845691497127215,0.4557792120613158,139.52617492675782,0.9822218894958497,0.014726312831044197,0.47050552489235997
496,119.61684513092041,0.9833192266523838,0.42767521599307656,139.55593719482422,0.9829312443733216,0.01447695679962635,0.4421521727927029
497,118.44913736979167,0.9845095798373222,0.42887706868350506,139.59588165283202,0.9827000737190247,0.014364659786224365,0.4432417284697294
498,119.59435987472534,0.9841590250531832,0.425696874037385,139.65243682861328,0.9818054795265198,0.01431974582374096,0.44001661986112595
499,117.9145860671997,0.9846314415335655,0.4306724932976067,139.61690826416014,0.9827990770339966,0.014165834989398718,0.4448383282870054
500,119.0530702273051,0.9845221303403378,0.42276669619604945,139.59280242919922,0.9823267579078674,0.01404578983783722,0.43681248603388667
501,118.86292298634847,0.9846345285574595,0.42040573712438345,139.58082580566406,0.982264244556427,0.014180291909724474,0.4345860290341079
502,118.25349076588948,0.9844573885202408,0.4514950877055526,139.47901000976563,0.9827122688293457,0.014027034863829613,0.4655221225693822
503,119.22923151652019,0.9824877567589283,0.42569068633019924,139.54038696289064,0.9826627492904663,0.014104497153311968,0.4397951834835112
504,117.31850075721741,0.9842518741885821,0.42622293904423714,139.58451080322266,0.9829129695892334,0.014141267165541649,0.4403642062097788
505,118.57986450195312,0.9845341158409914,0.4320706017315388,139.49721069335936,0.9820085048675538,0.014478813856840134,0.4465494155883789
506,117.55615504582723,0.984624611834685,0.42109434213489294,139.65382232666016,0.9824932456016541,0.013975208159536123,0.43506955029442906
507,117.86633920669556,0.9845133734246095,0.43159456411376595,139.5110656738281,0.982180917263031,0.014209567103534937,0.4458041312173009
508,118.53856468200684,0.984643243253231,0.4594716248102486,139.56925354003906,0.9825223565101624,0.014309388119727373,0.473781012929976
509,118.34458001454671,0.9838669486343861,0.42458625603467226,139.57264709472656,0.9818300843238831,0.014048009179532528,0.4386342652142048
510,119.06152931849162,0.9844099034865698,0.4206540221348405,139.55007934570312,0.9814659118652344,0.013765743933618069,0.43441976606845856
511,118.0770583152771,0.98461539670825,0.4261953569948673,139.53624572753907,0.9827383041381836,0.013998303096741438,0.44019366009160876
512,117.56805801391602,0.9846445930500826,0.423317959997803,139.52630004882812,0.9822211027145386,0.014150224160403013,0.437468184158206
513,117.82596604029338,0.9842029636104902,0.4374044742435217,139.4998352050781,0.9820752024650574,0.014377417042851448,0.45178189128637314
514,119.85543457667033,0.9829808920621872,0.4257199401035905,139.5082992553711,0.9815369606018066,0.014222302939742804,0.4399422430433333
515,117.35338973999023,0.9845679961144924,0.42585139302536845,139.49339294433594,0.9821606040000915,0.014242250006645918,0.44009364303201437
516,118.86577844619751,0.9845318446556727,0.46074672788381577,139.54724731445313,0.9816972970962524,0.014134808909147978,0.47488153679296374
517,117.93043502171834,0.9847130626440048,0.4276280230842531,139.53442993164063,0.9824544429779053,0.014280545059591532,0.4419085681438446
518,117.92388645807902,0.9846768689652284,0.42608126532286406,139.49516906738282,0.9822014451026917,0.014274194836616516,0.44035546015948057
519,118.83496411641438,0.9833515683809916,0.4264812939800322,139.5456970214844,0.9827503800392151,0.014212838839739561,0.44069413281977177
520,118.26730314890544,0.9832314141094685,0.42765709524974227,139.53064727783203,0.9827753901481628,0.01415196806192398,0.44180906331166625
521,117.86926444371541,0.9847087673842907,0.43740635132417083,139.53652648925782,0.9816991806030273,0.014011316001415253,0.4514176673255861
522,118.52143144607544,0.9845277604957422,0.42427572840824723,139.6082748413086,0.9827796936035156,0.014142564032226801,0.43841829244047403
523,119.87362416585286,0.9840922666092714,0.42916997289285064,139.4572738647461,0.9826402306556702,0.014158356934785843,0.4433283298276365
